,Bayesian CNN,Classical CNN
0,41.89996790885925,27.975107669830322
