,Bayesian CNN,Classical CNN,epoch
0,17.92343807950077,20.612201059781725,1
