,Bayesian CNN,Classical CNN,epoch
0,0.06744188327342272,0.032137027066200974,1
